1,PurplePanda21,485
2,LeeBoon,608
3,Alessio954,629
4,TB1,723
5,Pikalex04,911
6,Scr7smash,1039
7,konradh,1176
8,Ayron,1242
9,Benni,1272
10,davincentcode,1282
11,LeoMK,1315
12,floan,1483
13,Gyarados,1517
14,Fabien14,1525
15,Jxcxb91,1539
16,bitter,1544
17,OptimisticEmo,1548
18,MKDSLuke,1549
19,ALAKTORN,1559
20,StephenDW,1583
21,Lafungo,1592
22,ArnoG21,1596
23,Nielske,1600
24,Emperor91,1608
25,Stelzig,1617
26,Falco45,1636
27,Mihawk,1645
28,itachi55,1647
29,NikeXTC,1651
30,LJMarv,1657
31,Flo4ever,1658
32,DarkRoy,1668
33,Tenchio,1670
34,Polygon2,1680
35,TimoJnouney,1683
36,Phantomganon90,1694
37,vieri001,1700
38,Vallu,1707
39,mario128,1709
40,Husky217,1717
41,Linksky,1721
42,KILLRAP23,1722
43,palfighter,1728
44,luigikart64,1728
45,johnboy81918,1744
46,HammerofJustice,1746
47,Lunandrez,1751
48,LordSuprachris,1772
49,AlexW03,1773
50,Pacman36,1782
51,Deimos,1783
52,POA,1789
53,sausage948,1805
54,Puddings,1826
55,RAT,1831
56,TheRubyMoon,1832
57,Mandalore,1857
58,Anwonu,1861
59,OpiWaHn,1861
60,VirusX,1873
61,Cremdogz,1874
62,ArmoredFrog,1882
63,martijn,1894
64,Brylarke,1905
65,Kleenex,1916
66,CMSBryan,1918
67,StreetRacer,1919
68,058racing,1926
69,Jeroen,1932
70,sage327,1943
71,vieri002,1944
72,zlink11x,1950
73,PAPIOL,1952
74,karmamachine,1957
75,Dochou,1994
76,Scimuso,2015
77,k3wlcole,2019
78,yodelerty,2024
79,Rupa,2024
80,HXian,2045
81,haavarddahle,2050
82,Tom777,2059
83,SkyImprisoned,2060
84,mathisfun12,2064
85,Yuri,2074
86,TheBrain,2085
87,Scumkiller,2089
88,BmanNintendo,2097
89,emrald,2102
90,33TAILS,2108
91,iMathII,2130
92,kenny890,2148
93,Jarri,2178
94,spookisfat,2180
95,Croctus,2194
96,RoTTTi,2225
97,p0rkch0p,2250
98,masterofdisaster,2264
99,Magiclapras,2278
100,Metroiddestruktor,2323
